,name,position
0,Farhiya Abdi,Forward
2,Tajama Abraham,Center
4,Svetlana Abrosimova,Forward
6,Natalie Achonwa,Forward
8,Jessica Adair,Center
10,Danielle Adams,Forward-Center
12,Jordan Adams,Center
14,Elisa Aguilar,Guard
16,Matee Ajavon,Guard
18,Evelyn Akhator,Forward
20,Marcie Alberts,Guard
22,Markita Aldridge,Guard
24,Erin Alexander,Guard
26,Kayla Alexander,Center
28,Tawona Alhaleem,Forward-Guard
30,Charel Allen,Guard
32,Lindsay Allen,Guard
34,Rebecca Allen,Guard
38,Mactabene Amachree,Forward
40,Monique Ambers,Forward
42,Ambrosia Anderson,Forward
44,Chantelle Anderson,Center
46,Jolene Anderson,Guard
48,Keisha Anderson,Guard
50,Mery Andrade,Forward
52,Yvette Angel,Guard
54,Nicky Anosike,Forward-Center
57,Jayne Appel-Marinelli,Center
58,Janeth Arcain,Guard
61,Katasha Artis,Forward
63,Marlies Askamp,Center
65,Ariel Atkins,Guard
67,La'Tangela Atkinson,Guard-Forward
69,Morenike Atunrase,Guard-Forward
71,Seimone Augustus,Guard
73,Valeriane Ayayi,Forward
75,Angela Aycock,Guard
77,Miranda Ayim,Forward
79,Leigh Aziz,Forward
81,Jennifer Azzi,Guard
83,Tricia Bader Binford,Guard
85,Sherill Baker,Guard
87,Alison Bales,Center
89,Rhonda Banchero,Center
91,Rachel Banham,Guard
93,Elena Baranova,Forward
95,LaQuanda Barksdale,Guard
97,Adia Barnes,Forward
99,Quacy Barnes,Center
102,Mistie Bass,Forward
103,Suzy Batkovic-Brown,Center
105,Jacqueline Batteast,Forward
107,Ashley Battle,Forward
109,Cass Bauer-Bilodeau,Center
111,Vicki Baugh,Forward-Center
113,Alana Beard,Guard-Forward
115,Ryneldi Becenti,Guard
117,Kimberly Beck,Guard
119,Evgeniya Belyakova,Forward
121,Hind Ben Abdelkader,Guard
123,Jenni Benningfield,Forward
125,Alex Bentley,Guard
127,Val Berezhynska,Center
129,Lucienne Berthieu,Forward-Center
131,Tully Bevilaqua,Guard
133,Tiffany Bias,Guard
135,Jessica Bibby,Guard
137,Agnieszka Bibrzycka,Guard-Forward
139,Monique Billings,Forward
141,Sue Bird,Guard
143,Abby Bishop,Forward
145,Nina Bjedov,Center
147,Angie Bjorklund,Forward
149,Tera Bjorklund,Center
151,Chante Black,Center
153,Debbie Black,Guard
155,Rhonda Blades,Guard
157,Cindy Blodgett,Guard
159,Nikki Blue,Guard
161,Octavia Blue,Forward
163,Shannon Bobbitt,Guard
165,Whitney Boddie,Guard
167,Ruthie Bolton,Guard
169,LaToya Bond,Guard
171,Kelsey Bone,Center
173,Susanna Bonfiglio,Guard
175,DeWanna Bonner,Forward
177,Karen Booker,Center
179,Jenny Boucek,Guard
181,Kelly Boucher,Forward
183,Lindsay Bowen,Guard
185,Brittany Boyd,Guard
187,Carla Boyd,Forward
189,Crystal Bradford,Guard
191,Gennifer Brandon,Forward
193,Albena Branzova,Forward
195,Gergana Branzova,Forward
197,Cierra Bravard,Forward
199,Janice Braxton,Forward
201,Kara Braxton,Center-Forward
203,Angie Braziel,Forward
205,Razija Brcaninovic,Center
207,Jessica Breland,Forward
209,Reshea Bristol,Guard
211,Michelle Brogan,Forward
213,Sandy Brondello,Guard
215,Cindy Brown,Forward
217,Coretta Brown,Guard
219,Edwina Brown,Guard-Forward
221,Kiesha Brown,Guard
223,La'Shawn Brown,Center
225,Lesley Brown,Forward
227,Lexie Brown,Guard
229,Rushia Brown,Forward
231,Marla Brumfield,Guard
233,Jessica Brungo,Forward
237,Rebekkah Brunson,Forward
239,Adut Bulgak,Center
241,Vicky Bullett,Forward
243,Cierra Burdick,Forward
245,Heather Burge,Center
247,Heidi Burge,Forward-Center
249,Annie Burgess,Guard
251,Linda Burgess,Forward
253,Alisa Burras,Center
255,Janell Burse,Center
257,Heather Butler,Guard
259,Tasha Butts,Forward
261,Latasha Byears,Guard-Forward
263,Kelley Cain,Center
265,Liz Cambage,Center
267,Edna Campbell,Guard
269,Michelle Campbell,Center
271,Michelle Campbell,Forward
273,Jordin Canada,Guard
275,Emma Cannon,Forward
277,Dominique Canty,Guard
279,Jamie Carey,Guard
281,Essence Carson,Forward-Guard
283,Amisha Carter,Forward
285,Deborah Carter,Guard-Forward
287,Sydney Carter,Guard
289,Swin Cash,Forward
291,Jamie Cassidy,Center
293,Iziane Castro Marques,Forward-Guard
295,Tamika Catchings,Forward
297,LaNeishea Caufield,Guard
299,Elisabeth Cebrian,Center
301,Keri Chaconas,Guard
303,Cori Chambers,Guard
305,Quianna Chaney,Guard
307,Jill Chapman-Daily,Center
309,Daedra Charles,Forward-Center
311,Tina Charles,Center
313,Sonia Chase,Guard
315,Joy Cheek,Forward
317,Felicia Chester,Forward
319,Kaayla Chones,Center
321,Saniya Chong,Guard
323,Kayte Christensen,Forward
325,Karima Christmas-Kelly,Forward
327,Shameka Christon,Guard
329,Kristi Cirone,Guard
331,Layshia Clarendon,Guard
333,Alysha Clark,Forward
335,Margold Clark,Forward-Center
337,Michelle Cleary,Guard
339,Courtney Clements,Guard
341,Stacy Clinesmith,Guard
343,Natasha Cloud,Guard
345,Alaina Coates,Center
347,Nia Coffey,Forward
349,Claire Coggins,Guard
351,Monique Coker,Forward-Center
353,Courtney Coleman,Forward
355,Marissa Coleman,Guard-Forward
357,Nadia Colhado,Center
359,Katrina Colleton,Forward
361,Sydney Colson,Guard
363,Megan Compain,Guard
365,Andrea Congreaves,Forward-Center
367,Cara Consuegra,Guard
369,Camille Cooper,Center
371,Cynthia Cooper,Guard
373,Kahleah Copper,Guard-Forward
375,Carla Cortijo,Guard
377,Sylvia Crawley,Forward
379,Willnett Crockett,Forward
381,Danielle Crockrom,Forward
383,Katie Cronin,Guard-Forward
385,Cassandra Crumpton-Moorer,Guard
387,Anna Cruz,Guard
389,Beth Cunningham,Guard
391,Davalyn Cunningham,Forward
393,Monique Currie,Forward
395,Edniesha Curry,Guard
397,Ana Dabovic,Guard
399,Stacey Dales,Forward
401,Grace Daley,Guard
403,Damiris Dantas,Forward
405,Helen Darling,Guard
407,Jessica Davenport,Center
409,Brandi Davis,Guard
411,Dee Davis,Guard
413,Kaela Davis,Forward-Guard
415,Tanae Davis-Cain,Guard
417,Clarissa Davis-Wrightsil,Forward
419,Erika de Souza,Forward-Center
421,Anna DeForge,Guard
423,Elena Delle Donne,Forward-Guard
425,Jennifer Derevjanik,Guard
427,Diamond DeShields,Guard
429,Maimouna Diarra,Center
431,Keitha Dickerson,Forward
433,Blake Dietrick,Guard
435,Skylar Diggins-Smith,Guard
437,Tai Dillard,Guard
440,Tamecka Dixon,Guard
442,Stefanie Dolson,Center
444,Nadine Domond,Guard
446,Bethany Donaphin,Forward-Center
448,Shay Doron,Guard
450,Scholanda Dorrell,Guard
452,Cintia dos Santos,Center
454,Clarissa Dos Santos,Center
456,Katie Douglas,Guard-Forward
458,Jelena Dubljevic,Forward
460,Megan Duffy,Guard
462,Celine Dumerc,Guard
464,Victoria Dunlap,Forward
466,Candice Dupree,Forward
468,Margo Dydek,Center
470,Michelle Edwards,Guard
472,Simone Edwards,Center
474,Teresa Edwards,Guard-Forward
476,Tonya Edwards,Guard
479,Aaryn Ellenberg,Guard
482,Shyra Ely-Gash,Forward
484,Shalonda Enis,Forward-Center
486,Makayla Epps,Guard
488,Summer Erb,Center
490,Lauren Ervin,Forward
492,Dawn Evans,Guard
494,Temi Fagbenle,Center
496,Trisha Fallon,Guard-Forward
498,Kelly Faris,Guard
500,Barbara Farris,Forward-Center
502,Jamierra Faulkner,Guard
504,Allison Feaster,Forward
506,Sui Feifei,Guard
508,Marie Ferdinand-Harris,Guard
510,Marta Fernandez,Guard
512,Marina Ferragut,Forward
515,Ukari Figgs,Guard
517,Isabelle Fijalkowski,Forward-Center
519,Olga Firsova,Center
523,Milena Flores,Guard
525,Tye'sha Fluker,Center
527,Kristin Folkl,Forward
529,Cheryl Ford,Forward
531,Kisha Ford,Guard-Forward
533,Stacey Ford,Forward
535,Toni Foster,Forward-Center
537,Sylvia Fowles,Center
539,Desiree Francis,Forward
541,A'Quonesia Franklin,Guard
543,Megan Frazee,Forward
545,Stacy Frese,Guard
547,La'Keshia Frett,Forward
549,Trina Frierson,Forward
551,Linda Frohlich,Forward-Center
553,Candace Futrell,Guard
555,Katryna Gaither,Center
557,Travesa Gant,Center
559,Begona Garcia,Guard
561,Kerri Gardin,Forward
563,Andrea Gardner,Forward-Center
565,Andrea Garner,Forward-Center
567,Markeisha Gatling,Center
569,Pietra Gay,Guard-Forward
571,Cornelia Gayden,Guard
573,Katie Gearlds,Guard-Forward
575,Jacki Gemelos,Guard
578,Cayla George,Center
579,Kim Gessig,Forward
581,Kelley Gibson,Forward-Guard
583,Briana Gilbreath-Butler,Guard
585,Jennifer Gillom,Forward-Center
587,Usha Gilmore,Guard
589,Kamela Gissendanner,Forward
591,Chrissy Givens,Guard
593,Emilie Gomis,Guard
595,Sasha Goodlett,Center
597,Angel Goodrich,Guard
599,Adrienne Goodson,Forward
601,Bridgette Gordon,Forward
603,Gillian Goring,Center
605,Shaunzinski Gortman,Guard
607,Margo Graham,Center
609,Erin Grant,Guard
611,Bashaara Graves,Forward
613,Denique Graves,Center
615,Allisha Gray,Guard
617,Chelsea Gray,Guard
619,Reshanda Gray,Forward
621,Alexis Gray-Lawson,Guard
623,Michelle Greco,Guard
625,Kalana Greene,Guard
627,Nikki Greene,Forward-Center
629,Cisti Greenwalt,Center
631,Vedrana Grgin-Fonseca,Forward
633,Kelsey Griffin,Forward
635,Yolanda Griffith,Center-Forward
637,Brittney Griner,Center
639,Lady Grooms,Forward
641,Gordana Grubin,Guard
643,Sandrine Gruda,Forward-Center
645,Marie Gulich,Center
647,Wanda Guyton,Center
649,Jazmon Gwathmey,Guard
651,Mikiko Hagiwara,Guard
653,Kamesha Hairston,Forward
655,Amber Hall,Forward
657,Vicki Hall,Forward
659,Angie Hamblin,Guard-Forward
661,Ruth Hamblin,Center
663,Dearica Hamby,Forward
665,Becky Hammon,Guard
667,Keisha Hampton,Forward
669,Kym Hampton,Center
671,Jennifer Hamson,Center
673,Romana Hamzova,Guard
675,Alex Harden,Guard
677,Lindsey Harding,Guard
679,Laura Harper,Forward-Center
681,Linnae Harper,Guard
683,Donna Harrington,Forward
685,Amber Harris,Forward
687,Fran Harris,Guard-Forward
689,Isabelle Harrison,Center
691,Lisa Harrison,Forward
693,Kristi Harrower,Guard
695,Bria Hartley,Guard
697,Jasmine Hassell,Forward
699,Tianna Hawkins,Forward
701,Vanessa Hayden,Center
703,Tiffany Hayes,Guard
705,Kristin Haynie,Guard
707,Dena Head,Guard
709,Nekeshia Henderson,Guard
711,Tracy Henderson,Center
713,Sonja Henning,Guard
716,Aneika Henry-Morello,Forward-Center
717,Amy Herrig,Center
720,Armintie Herrington,Guard
721,Katrina Hibbert,Guard-Forward
723,Jessie Hicks,Center-Forward
725,Allison Hightower,Guard
727,E.C. Hill,Guard
729,Tayler Hill,Guard
731,Myisha Hines-Allen,Forward
733,Korie Hlede,Guard
735,Roneeka Hodges,Guard
737,Ebony Hoffman,Forward
739,Chamique Holdsclaw,Forward
741,Kedra Holland-Corn,Guard
743,Quanitra Hollingsworth,Center
745,Rachel Hollivay,Center
747,Bria Holmes,Forward
749,Sequoia Holmes,Guard
751,Joy Holmes-Harris,Forward
753,Amber Holt,Forward
755,Jordan Hooper,Forward
757,Andrea Hoover,Guard
759,Kym Hope,Center
761,Chelsea Hopkins,Guard
763,Susie Hopson-Shelton,Forward
765,Alexis Hornbuckle,Guard
767,Charde Houston,Forward
769,Ashley Houts,Guard
771,Jennifer Howard,Guard
773,Natasha Howard,Forward
775,Brittany Hrynko,Guard
777,Tasha Humphrey,Center
779,Ify Ibekwe,Forward
781,Sandora Irvin,Forward
783,Dalma Ivanyi,Guard
785,Niele Ivey,Guard
787,Angela Jackson,Center
789,Deanna Jackson,Forward
791,Gwen Jackson,Forward
793,Lauren Jackson,Forward-Center
795,Tamicha Jackson,Guard
797,Tammy Jackson,Forward-Center
799,Tia Jackson,Forward
801,Tiffany Jackson-Jones,Forward
803,Amber Jacobs,Guard
805,Jasmine James,Guard
807,Tamara James,Guard-Forward
809,Briann January,Guard
811,Rachel Jarry,Forward
813,Moriah Jefferson,Guard
816,Anete Jekabsone-Zogota,Guard
818,Cathy Joens,Guard-Forward
820,Pollyanna Johns Kimbrough,Center
822,Adrienne Johnson,Guard
824,Chandra Johnson,Center
826,Glory Johnson,Forward
828,Jaclyn Johnson,Forward
830,LaTonya Johnson,Forward
832,Leslie Johnson,Forward
834,Niesa Johnson,Guard
836,Shannon Johnson,Guard
838,Shenise Johnson,Guard
840,Temeka Johnson,Guard
842,Tiffani Johnson,Center
844,Vickie Johnson,Guard-Forward
846,Kellie Jolly Harper,Guard
848,Alexis Jones,Guard
850,Asjha Jones,Forward
852,Brionna Jones,Center
854,Chandi Jones,Guard
856,Jameka Jones,Guard
858,Jonquel Jones,Forward
860,Larecha Jones,Guard-Forward
862,Marion Jones,Guard
864,Merlakia Jones,Guard
866,Pauline Jordan,Forward-Center
868,Aneta Kausaite,Forward
870,Shae Kelley,Forward
872,Crystal Kelly,Forward
874,Brianna Kiesel,Guard
876,Susan King Borchardt,Guard
878,Jae Kingi-Cross,Guard
880,Lynetta Kizer,Forward
882,Zuzi Klimesova,Forward
884,Whitney Knight,Guard
886,Ewelina Kobryn,Center
888,Laurie Koehn,Guard
890,Ilona Korstine,Guard
892,Greta Koss,Forward
894,Anastasia Kostaki,Guard
896,Tanja Kostic,Forward
898,Cathrine Kraayeveld,Forward
900,Nicole Kubik,Guard
902,Andrea Kuklova,Guard-Forward
904,Alison Lacey,Guard
906,Jennifer Lacy,Forward
908,Natasha Lacy,Guard
910,Venus Lacy,Center
912,Monica Lamb,Center
914,Sheila Lambert,Guard
916,Betnijah Laney,Forward-Guard
918,MerleLynn Lange-Harris,Forward-Center
920,Crystal Langhorne,Forward-Center
922,Krystyna Lara,Guard
924,Erlana Larkins,Forward
926,Amanda Lassiter,Forward
928,Ivory Latta,Guard
930,Jantel Lavender,Center
932,Kara Lawson,Guard
934,Edwige Lawson-Wade,Guard
936,Katarina Lazic,Guard
938,Shalee Lehning,Guard
940,Betty Lennox,Guard
942,Lisa Leslie,Center
944,Yelena Leuchanka,Center
946,Nicole Levandusky,Guard
948,Nicole Levesque,Guard
950,Breanna Lewis,Center
952,Doneeka Lewis,Guard
954,Takeisha Lewis,Forward-Center
956,Tynesha Lewis,Guard
958,Nancy Lieberman-Cline,Guard
960,Miao Lijie,Guard
962,Taylor Lilley,Guard
966,Tricia Liston,Forward
968,Camille Little,Forward
970,Andrea Lloyd Curry,Forward
972,Rebecca Lobo,Center
974,Samantha Logic,Guard
977,Stacey Lovelace,Center
979,Jewell Loyd,Guard
981,Maggie Lucas,Guard
983,Pat Luckey,Forward
985,Helen Luz,Guard
987,Sancho Lyttle,Forward
989,Mwadi Mabika,Guard
991,Victoria Macaulay,Center
993,Laura Macchi,Forward
995,Clarisse Machanguana,Center-Forward
997,Tess Madgen,Guard
999,Megan Mahoney,Forward
1001,Shea Mahoney,Forward
1003,Hamchetou Maiga-Ba,Forward
1005,Nadine Malcolm,Forward
1007,Sonja Mallory,Center
1009,Ally Malott,Forward
1011,Evanthia Maltsi,Guard-Forward
1013,Kristen Mann,Forward
1015,Sharon Manning,Forward-Center
1017,Rhonda Mapp,Center
1019,Michelle Marciniak,Guard
1021,Gabriela Marginean,Forward
1023,Maylana Martin,Center-Forward
1025,Nuria Martinez,Guard
1027,Raffaella Masciadri,Forward
1029,A'dia Mathies,Guard
1031,Caity Matter,Guard
1033,Katie Mattera,Center
1035,Stephanie Mavunga,Forward
1037,Anita Maxwell,Forward
1039,Monica Maxwell,Forward
1041,Kelly Mazzante,Guard
1043,Kayla McBride,Guard
1045,Brandi McCain,Guard
1047,Tiffany McCain,Guard
1049,Erica McCall,Forward
1051,Rashanda McCants,Forward
1053,Janel McCarville,Forward-Center
1055,Suzie McConnell Serio,Guard
1057,Angel McCoughtry,Forward-Guard
1059,Danielle McCray,Forward
1061,Nikki McCray,Guard
1063,Nicky McCrimmon,Guard
1065,Danielle McCulley,Center-Forward
1067,Pamela McGee,Forward-Center
1069,Imani McGee-Stafford,Center
1071,Carla McGhee,Forward
1073,Nadirah McKenith,Guard
1075,Shanece McKinney,Center-Forward
1077,Taj McWilliams-Franklin,Forward-Center
1079,Emma Meesseman,Forward
1081,Chasity Melvin,Center-Forward
1083,Giuliana Mendiola,Guard
1085,Britany Miller,Center
1087,Coco Miller,Guard
1089,Kelly Miller,Guard
1091,Teana Miller,Center
1093,Tausha Mills,Center
1095,Jelena Milovanovic,Forward-Center
1097,DeLisha Milton-Jones,Forward
1099,Kelsey Mitchell,Guard
1101,Leilani Mitchell,Guard
1103,Tiffany Mitchell,Guard
1105,Endy Miyem,Forward
1107,Liz Moeggenberg,Forward
1109,Adriana Moises,Guard
1111,Chanel Mokango,Forward
1113,Jacinta Monroe,Forward
1115,Anna Montanana,Forward
1117,Alex Montgomery,Guard-Forward
1119,Lanay Montgomery,Center
1121,Renee Montgomery,Guard
1123,Jackie Moore,Center
1125,Jessica Moore,Forward-Center
1127,Lindsey Moore,Guard
1129,Loree Moore,Guard
1131,Maya Moore,Forward
1133,Navonda Moore,Guard
1135,Penny Moore,Forward
1137,Tamara Moore,Guard
1139,Yolanda Moore,Forward-Center
1141,Carolyn Moos,Forward-Center
1143,Darxia Morris,Guard
1145,Jene Morris,Guard
1147,Ziomara Morrison,Center
1149,Bernice Mosby,Forward
1152,Judy Mosley-McAfee,Forward
1154,Kaleena Mosqueda-Lewis,Forward
1156,Jenny Mowe,Center
1158,Teana Muldrow,Forward
1160,Naomi Mulitauaopele,Center
1162,Shay Murphy,Guard
1164,Christelle N'Garsanet,Center
1166,Andrea Nagy,Guard
1168,Chen Nan,Center
1170,Jaime Nared,Guard-Forward
1172,Astou Ndiaye-Diatta,Forward
1174,Emmeline Ndongue,Center
1176,Astou Ndour,Center
1178,Eva Nemcova,Forward
1180,Claudia Neves,Guard
1182,Chelsea Newton,Guard
1184,Bernadette Ngoyisa,Center
1186,Tina Nicholson,Guard
1188,Marlous Nieuwveen,Center
1190,Mila Nikolich,Forward
1192,Chioma Nnamaka,Guard
1194,Deanna Nolan,Guard-Forward
1196,Natalie Novosel,Guard
1198,Kia Nurse,Guard
1200,Vanessa Nygaard,Forward
1202,Jenna O'Hea,Forward
1206,Kristen O'Neill,Guard-Forward
1208,Yuko Oga,Guard
1210,Chiney Ogwumike,Forward
1212,Nneka Ogwumike,Forward
1214,Nicole Ohlde,Forward-Center
1216,Abi Olajuwon,Center
1218,Inga Orekhova,Guard
1220,Irina Osipova,Center
1222,Heather Owen,Forward-Center
1224,Shantia Owens,Forward
1226,Danielle Page,Forward
1228,Murriel Page,Forward
1230,Yolanda Paige,Guard
1232,Sabrina Palie,Guard
1234,Wendy Palmer,Forward
1236,Courtney Paris,Center
1238,JiSu Park,Center
1240,Candace Parker,Forward-Center
1242,Cheyenne Parker,Forward
1244,Florina Pascalau,Center
1246,Tia Paschal,Forward
1248,Michaela Pavlickova,Forward
1250,Kate Paye,Guard
1252,Kayla Pedersen,Forward
1254,Ticha Penicheiro,Guard
1256,Jocelyn Penn,Forward
1258,Jasmina Perazic-Gipe,Guard-Forward
1260,Jia Perkins,Guard
1262,Erin Perperoglou,Forward
1264,Kim Perrot,Guard
1266,Devereaux Peters,Forward
1268,Haley Peters,Forward
1270,Alexis Peterson,Guard
1272,Sonja Petrovic,Forward
1274,Bridget Pettis,Guard
1276,Erin Phillips,Guard
1278,Porsha Phillips,Forward
1280,Ta'Shia Phillips,Center
1282,Tari Phillips,Forward-Center
1284,Plenette Pierson,Forward
1286,Theresa Plaisance,Forward
1288,Kelsey Plum,Guard
1290,Jeanette Pohlen-Mavunga,Guard
1292,Catarina Pollini,Forward
1294,Cappie Pondexter,Guard
1296,Chelsea Poppens,Forward
1298,Angie Potthoff,Forward
1300,Elaine Powell,Guard
1302,Nicole Powell,Forward
1304,Aerial Powers,Forward-Guard
1306,Samantha Prahalis,Guard
1308,Franthea Price,Guard
1310,Lynn Pride,Guard-Forward
1312,Alexis Prince,Guard
1314,Epiphanny Prince,Guard
1316,Brooke Queenan,Forward
1318,Allie Quigley,Guard
1320,Noelle Quinn,Guard
1322,Texlin Quinney,Forward
1324,Hajdana Radunovic,Center
1326,Felicia Ragland,Guard
1328,Nayo Raincock-Ekunwe,Forward-Center
1330,Semeka Randall,Guard
1332,Kristen Rasmussen,Forward
1334,Brittainey Raven,Guard
1336,Stephanie Raymond,Guard
1338,Tamika Raymond,Forward
1340,Jamie Redd,Forward
1342,Katelan Redmon,Guard-Forward
1344,Brandy Reed,Forward
1346,Chastity Reed,Forward
1348,Michelle Reed,Guard-Forward
1350,Tracy Reid,Forward
1352,Tammi Reiss,Guard
1354,Kathrin Ress,Forward
1356,Andrea Riley,Guard
1358,Ruth Riley,Center
1360,Jennifer Rizzotti,Guard
1362,Nyree Roberts,Center
1364,Angel Robinson,Forward-Center
1366,Ashley Robinson,Center
1368,Crystal Robinson,Forward
1370,Danielle Robinson,Guard
1372,Renee Robinson,Guard
1374,Sugar Rodgers,Guard
1376,Jannon Roland,Forward
1378,Waltiea Rolle,Center
1380,Leticia Romero,Guard
1382,Adrianne Ross,Guard
1384,Tierra Ruffin-Pratt,Guard
1386,Leah Rush,Forward
1388,Mercedes Russell,Center
1390,Eugenia Rycraw,Center
1392,Nykesha Sales,Forward-Guard
1394,Sheri Sam,Guard-Forward
1396,Charisse Sampson,Guard
1398,Karlie Samuelson,Guard
1400,Isabel Sanchez,Guard
1402,Amy Sanders,Guard
1404,LaToya Sanders,Forward-Center
1406,Nakia Sanford,Center-Forward
1408,Olayinka Sanni,Forward-Center
1410,Kelly Santos,Forward
1412,Alessandra Santos de Oliveira,Center
1414,Rankica Sarenac,Center
1416,Paige Sauer,Center
1418,Jaynetta Saunders,Forward
1420,Audrey Sauret,Guard
1422,Laure Savasta,Guard
1424,Shoni Schimmel,Guard
1426,Kelly Schumacher,Center
1428,Georgia Schweitzer,Guard-Forward
1430,Olympia Scott,Center
1432,Raegan Scott,Forward-Center
1434,Elena Shakirova,Center
1436,K.B. Sharp,Guard
1438,Chay Shegog,Center
1440,Ashley Shields,Guard
1442,Adrienne Shuler,Guard
1444,Meighan Simmons,Guard
1446,Jennie Simms,Guard
1448,Dymond Simon,Guard
1450,Odyssey Sims,Guard
1452,Madinah Slaise,Guard
1454,Gwen Slaughter,Forward
1456,Gergana Slavtcheva,Guard
1458,Aiysha Smith,Forward
1460,Brooke Smith,Forward-Center
1462,Charlotte Smith,Forward
1464,Charmin Smith,Guard
1466,Christy Smith,Guard
1468,Crystal Smith,Guard
1470,Jennifer Smith,Center
1472,Katie Smith,Guard
1474,Kim Smith,Forward
1476,LaCharlotte Smith,Guard
1478,Tangela Smith,Center
1480,Tyresa Smith,Forward
1482,Wanisha Smith,Guard
1484,Belinda Snell,Guard
1486,Michelle Snow,Center
1488,Leila Sobral,Forward
1490,Sidney Spencer,Guard
1492,Rachael Sporn,Forward
1494,Trisha Stafford-Odom,Forward
1496,Dawn Staley,Guard
1498,Tiffany Stansbury,Forward-Center
1500,Kate Starbird,Forward-Guard
1502,Katy Steding,Forward
1504,Maria Stepanova,Center
1506,Rehema Stephens,Guard
1508,Stacy Stephens,Center
1510,Azura Stevens,Forward-Center
1512,Mandisa Stevenson,Forward-Center
1514,Breanna Stewart,Forward
1516,Jackie Stiles,Guard
1518,Valerie Still,Forward-
1520,Andrea Stinson,Guard
1522,Shanele Stires,Forward
1524,Tamara Stocks,Forward-Center
1526,Kiah Stokes,Center
1528,Jurgita Streimikyte,Forward
1530,Shekinna Stricklen,Forward-Guard
1532,Ann Strother,Guard-Forward
1534,Tora Suber,Guard
1536,Laura Summerton,Center
1538,Jung Sun-Min,Center
1540,Tammy Sutton-Brown,Center
1542,Ketia Swanier,Guard
1544,Sheryl Swoopes,Forward-Guard
1546,Carolyn Swords,Center
1548,April Sykes,Guard-Forward
1550,Brittney Sykes,Guard
1552,Stephanie Talbot,Forward
1554,Zane Tamane,Center
1556,Sonja Tate,Guard
1558,Diana Taurasi,Guard
1560,Asia Taylor,Forward
1562,Lindsay Taylor,Center
1564,Penny Taylor,Forward
1566,Nikki Teasley,Guard
1568,Kasha Terry,Center-Forward
1570,Alyssa Thomas,Forward
1572,Carla Thomas,Forward
1574,Christi Thomas,Forward-Center
1576,Jasmine Thomas,Guard
1578,Krystal Thomas,Center
1580,LaToya Thomas,Forward
1582,Stacey Thomas,Forward
1584,Alicia Thompson,Forward
1586,Amanda Thompson,Forward
1588,Tina Thompson,Forward
1590,Shona Thorburn,Guard
1592,Erin Thorn,Guard
1594,Kayla Thornton,Forward
1596,Robin Threatt-Elliott,Guard
1598,Iciss Tillis,Forward-Center
1600,Michele Timms,Guard
1602,Joslyn Tinkle,Forward
1604,Ramu Tokashiki,Forward
1606,Penny Toler,Guard
1608,Kristi Toliver,Guard
1610,Marianna Tolo,Center
1612,Elena Tornikidou,Forward
1614,Levys Torres,Center
1616,Tiffany Travis,Forward
1618,Chantel Tremitiere,Guard
1620,Trena Trice,Forward-Center
1622,Morgan Tuck,Forward
1624,Barbara Turner,Guard-Forward
1626,Yvonne Turner,Guard
1628,Molly Tuter,Guard
1630,Slobodanka Tuvic,Center
1632,Polina Tzekova,Center
1634,Mfon Udoka,Forward
1636,Petra Ujhelyi,Center
1638,Itoro Umoh-Coleman,Guard
1640,Maria Vadeeva,Center
1642,Amaya Valdemoro,Forward
1644,Sandra Van Embricqs,Forward-Center
1646,Michele Van Gorp,Center
1648,Courtney Vandersloot,Guard
1650,Kia Vaughn,Center
1652,Krystal Vaughn,Forward
1654,Kristen Veal,Guard
1656,Jana Vesela,Forward
1658,Danielle Viglione,Guard
1660,Daliborka Vilipic,Forward-Center
1662,Victoria Vivians,Guard
1664,Kamila Vodichkova,Forward-Center
1666,Natalia Vodopyanova,Forward
1668,Milica Vukadinovic,Guard
1670,Ashley Walker,Forward-Center
1672,Ayana Walker,Forward
1674,DeMya Walker,Forward
1676,Marcedes Walker,Center
1678,Shatori Walker-Kimbrough,Guard
1680,Maren Walseth,Forward
1682,Avery Warley-Talbert,Center
1684,Coquese Washington,Guard
1686,Tonya Washington,Forward
1688,Ann Wauters,Center
1690,Teresa Weatherspoon,Guard
1692,Umeki Webb,Guard-Forward
1694,Martina Weber,Center
1696,Kendra Wecker,Forward
1699,Lindsay Whalen,Guard
1701,Erica Wheeler,Guard
1703,Sami Whitcomb,Guard-Forward
1705,DeTrina White,Forward
1707,Erica White,Guard
1709,Stephanie White,Guard-Forward
1711,Tan White,Guard
1713,Val Whiting-Raymond,Center-Forward
1715,Tamika Whitmore,Forward
1717,Khadijah Whittington,Forward
1719,Jennifer Whittle,Center
1721,Davellyn Whyte,Guard
1723,Sue Wicks,Forward
1725,Jamila Wideman,Guard
1727,Sydney Wiese,Guard
1729,Candice Wiggins,Guard
1731,Brittany Wilkins,Center
1733,Angelina Williams,Guard
1735,Beverly Williams,Guard
1737,Courtney Williams,Guard
1739,Debra Williams,Guard
1741,Elizabeth Williams,Center-Forward
1743,Gabby Williams,Forward
1745,Kamiko Williams,Guard
1747,Kim Williams,Guard
1749,Lenae Williams,Guard-Forward
1751,Natalie Williams,Center
1753,Riquna Williams,Guard
1755,Rita Williams,Guard
1757,Shaquala Williams,Guard
1759,Tara Williams,Guard
1761,Toccara Williams,Guard
1763,Adrian Williams-Strong,Center-Forward
1765,Le'coe Willingham,Forward
1767,Lisa Willis,Guard
1769,Wendi Willits,Guard
1771,A'ja Wilson,Center
1773,Amanda Wilson,Forward
1775,Christina Wirth,Forward
1777,Lindsay Wisdom-Hylton,Forward
1779,Sophia Witherspoon,Guard
1781,Julie Wojta,Guard-Forward
1783,Kara Wolters,Center
1785,Angelina Wolvert,Forward-Center
1787,Lynette Woodard,Guard
1789,Tiffany Woosley,Guard
1792,Monica Wright,Guard
1794,Shereka Wright,Forward
1796,Tanisha Wright,Guard
1798,Brooke Wyckoff,Forward
1800,Dana Wynne,Forward
1802,Marta Xargay,Guard
1804,Lindsey Yamasaki,Guard-Forward
1806,Corissa Yasen,Guard
1808,Nevriye Yilmaz,Center
1810,Carolyn Young,Guard
1812,Tamera Young,Forward
1814,Toni Young,Forward
1816,Sophia Young-Malcolm,Forward
1818,Amanda Zahui B.,Center
1820,Oksana Zakaluzhnaya,Center
1822,Cecilia Zandalasini,Forward
1824,Francesca Zara,Guard
1826,Shavonte Zellous,Guard
1828,Haixia Zheng,Center
1830,Zuzana Zirkova,Guard
1832,Sharnee' Zoll,Guard
1834,Shanna Zolman,Guard
